{"var_0":0.0,"var_1":[0.0],"var_2":"@","var_3":[true],"var_4":0,"var_5":[0]}
{"var_0":1.12,"var_1":[-1.12,71234.56,-5.00000000011],"var_2":"cow says 'Mooo'","var_3":[false,true,false],"var_4":42,"var_5":[-42,900000000,-50000000001]}
{"var_0":-71234.56,"var_1":[0.0,-1.12,71234.56,-5.00000000011,0.0,-1.12,71234.56,-5.00000000011,0.0,-1.12,71234.56,-5.00000000011,0.0,-1.12,71234.56,-5.00000000011,0.0,-1.12,71234.56,-5.00000000011],"var_2":"12345","var_3":[true,false,true,false,true,false,true,false,true,false,true,false,true,false,true,false,true,false,true,false],"var_4":-500000000,"var_5":[0,-42,900000000,-50000000001,0,-42,900000000,-50000000001,0,-42,900000000,-50000000001,0,-42,900000000,-50000000001,0,-42,900000000,-50000000001]}
{"var_0":null,"var_1":[],"var_2":"true","var_3":[],"var_4":null,"var_5":[]}
{"var_0":0.0,"var_1":[0.0],"var_2":"","var_3":[true],"var_4":0,"var_5":[0]}
