{"var_0":0.0,"var_1":0.0}
{"var_0":-1.12,"var_1":-1.12}
{"var_0":71234.56,"var_1":71234.56}
{"var_0":-5.00000000011,"var_1":-5.00000000011}
{"var_0":0.0,"var_1":null}
